Name,Shape_Leng,Shape_Area,_count,_mean
Cuenca hasta J4660,101944.52600000000,225357613.65799996257,292063,1508.4794617291
